<?xml version="1.0" encoding="UTF-8"?><ImplementationGuide xmlns="http://hl7.org/fhir"><id value="org.opencpg.covid19.ed.sc"/><text><status value="extensions"/><div xmlns="http://www.w3.org/1999/xhtml"><h2>OpenCPG_COVID19_ED_SC</h2><p>The official URL for this implementation guide is: </p><pre>http://opencpg.org/fhir/covid19.ed.sc/ImplementationGuide/org.opencpg.covid19.ed.sc</pre><div><p>Implementation guide for an Emergency Department COVID-19 Severity Classification and Disposition guideline defined by the American College of Emergency Physicians (ACEP)</p>
</div></div></text><url value="http://opencpg.org/fhir/covid19.ed.sc/ImplementationGuide/org.opencpg.covid19.ed.sc"/><version value="0.1.0"/><name value="OpenCPG_COVID19_ED_SC"/><title value="OpenCPG COVID-19 Emergency Department Severity Classification and Disposition Recommendation"/><status value="draft"/><experimental value="false"/><date value="2021-02-18T03:08:35+00:00"/><publisher value="OpenCPG"/><contact><telecom><system value="url"/><value value="http://hl7.org/Special/committees/[something]"/></telecom></contact><description value="Implementation guide for an Emergency Department COVID-19 Severity Classification and Disposition guideline defined by the American College of Emergency Physicians (ACEP)"/><jurisdiction><coding><system value="http://unstats.un.org/unsd/methods/m49/m49.htm"/><code value="001"/></coding></jurisdiction><packageId value="org.opencpg.covid19.ed.sc"/><license value="CC0-1.0"/><fhirVersion value="4.0.1"/><dependsOn id="cpg"><uri value="http://hl7.org/fhir/uv/cpg/ImplementationGuide/hl7.fhir.uv.cpg"/><packageId value="hl7.fhir.uv.cpg"/><version value="current"/></dependsOn><definition><extension url="http://hl7.org/fhir/tools/StructureDefinition/ig-parameter"><extension url="code"><valueString value="copyrightyear"/></extension><extension url="value"><valueString value="2020+"/></extension></extension><extension url="http://hl7.org/fhir/tools/StructureDefinition/ig-parameter"><extension url="code"><valueString value="releaselabel"/></extension><extension url="value"><valueString value="CI Build"/></extension></extension><extension url="http://hl7.org/fhir/tools/StructureDefinition/ig-parameter"><extension url="code"><valueString value="path-binary"/></extension><extension url="value"><valueString value="input/cql"/></extension></extension><extension url="http://hl7.org/fhir/tools/StructureDefinition/ig-parameter"><extension url="code"><valueString value="excludettl"/></extension><extension url="value"><valueString value="true"/></extension></extension><extension url="http://hl7.org/fhir/tools/StructureDefinition/ig-parameter"><extension url="code"><valueString value="excludemap"/></extension><extension url="value"><valueString value="true"/></extension></extension><extension url="http://hl7.org/fhir/tools/StructureDefinition/ig-parameter"><extension url="code"><valueString value="path-suppressed-warnings"/></extension><extension url="value"><valueString value="input/ignoreWarnings.txt"/></extension></extension><extension url="http://hl7.org/fhir/tools/StructureDefinition/ig-parameter"><extension url="code"><valueString value="autoload-resources"/></extension><extension url="value"><valueString value="true"/></extension></extension><extension url="http://hl7.org/fhir/tools/StructureDefinition/ig-parameter"><extension url="code"><valueString value="path-liquid"/></extension><extension url="value"><valueString value="template/liquid"/></extension></extension><extension url="http://hl7.org/fhir/tools/StructureDefinition/ig-parameter"><extension url="code"><valueString value="path-liquid"/></extension><extension url="value"><valueString value="input/liquid"/></extension></extension><extension url="http://hl7.org/fhir/tools/StructureDefinition/ig-parameter"><extension url="code"><valueString value="path-qa"/></extension><extension url="value"><valueString value="temp/qa"/></extension></extension><extension url="http://hl7.org/fhir/tools/StructureDefinition/ig-parameter"><extension url="code"><valueString value="path-temp"/></extension><extension url="value"><valueString value="temp/pages"/></extension></extension><extension url="http://hl7.org/fhir/tools/StructureDefinition/ig-parameter"><extension url="code"><valueString value="path-output"/></extension><extension url="value"><valueString value="output"/></extension></extension><extension url="http://hl7.org/fhir/tools/StructureDefinition/ig-parameter"><extension url="code"><valueString value="path-history"/></extension><extension url="value"><valueString value="http://opencpg.org/fhir/covid19.ed.sc/history.html"/></extension></extension><extension url="http://hl7.org/fhir/tools/StructureDefinition/ig-parameter"><extension url="code"><valueString value="template-html"/></extension><extension url="value"><valueString value="template-page.html"/></extension></extension><extension url="http://hl7.org/fhir/tools/StructureDefinition/ig-parameter"><extension url="code"><valueString value="template-md"/></extension><extension url="value"><valueString value="template-page-md.html"/></extension></extension><extension url="http://hl7.org/fhir/tools/StructureDefinition/ig-parameter"><extension url="code"><valueString value="apply-contact"/></extension><extension url="value"><valueString value="true"/></extension></extension><extension url="http://hl7.org/fhir/tools/StructureDefinition/ig-parameter"><extension url="code"><valueString value="apply-context"/></extension><extension url="value"><valueString value="true"/></extension></extension><extension url="http://hl7.org/fhir/tools/StructureDefinition/ig-parameter"><extension url="code"><valueString value="apply-copyright"/></extension><extension url="value"><valueString value="true"/></extension></extension><extension url="http://hl7.org/fhir/tools/StructureDefinition/ig-parameter"><extension url="code"><valueString value="apply-jurisdiction"/></extension><extension url="value"><valueString value="true"/></extension></extension><extension url="http://hl7.org/fhir/tools/StructureDefinition/ig-parameter"><extension url="code"><valueString value="apply-license"/></extension><extension url="value"><valueString value="true"/></extension></extension><extension url="http://hl7.org/fhir/tools/StructureDefinition/ig-parameter"><extension url="code"><valueString value="apply-publisher"/></extension><extension url="value"><valueString value="true"/></extension></extension><extension url="http://hl7.org/fhir/tools/StructureDefinition/ig-parameter"><extension url="code"><valueString value="apply-version"/></extension><extension url="value"><valueString value="true"/></extension></extension><extension url="http://hl7.org/fhir/tools/StructureDefinition/ig-parameter"><extension url="code"><valueString value="active-tables"/></extension><extension url="value"><valueString value="true"/></extension></extension><grouping id="_other"><name value="Other"/><description value="These are resources that are used within this implementation guide that do not fit into one of the other categories"/></grouping><resource><extension url="http://hl7.org/fhir/StructureDefinition/implementationguide-page"><valueUri value="Library-CDSConnectCommons.html"/></extension><reference><reference value="Library/CDSConnectCommons"/></reference><name value="CQL Library - Common Logic for CDS"/><description value="CQL Common Logic for CDS providing shared helper functions."/><groupingId value="_other"/></resource><resource><extension url="http://hl7.org/fhir/StructureDefinition/implementationguide-page"><valueUri value="Library-COVID19EDCPGRetrieves.html"/></extension><reference><reference value="Library/COVID19EDCPGRetrieves"/></reference><name value="CQL Library - COVID-19 ED CPG Data Retrieval"/><description value="COVID-19 ED CPG Data Retrieval."/><groupingId value="_other"/></resource><resource><extension url="http://hl7.org/fhir/StructureDefinition/implementationguide-page"><valueUri value="Library-COVID19ConceptsPremapped.html"/></extension><reference><reference value="Library/COVID19ConceptsPremapped"/></reference><name value="CQL Library - COVID-19 Shared Concepts and Terminology"/><description value="COVID-19 Shared Concepts and Terminology imported by other CQL logic libraries."/><groupingId value="_other"/></resource><resource><extension url="http://hl7.org/fhir/StructureDefinition/implementationguide-page"><valueUri value="Library-PatientDemographics.html"/></extension><reference><reference value="Library/PatientDemographics"/></reference><name value="CQL Library - Patient Demographics"/><description value="Common logic for patient demographics."/><groupingId value="_other"/></resource><page><nameUrl value="toc.html"/><title value="Table of Contents"/><generation value="html"/><page><nameUrl value="index.html"/><title value="COVID-19 ED Severity Classification"/><generation value="html"/></page><page><nameUrl value="background.html"/><title value="Background"/><generation value="html"/></page><page><nameUrl value="spec.html"/><title value="Detailed Specification"/><generation value="markdown"/></page><page><nameUrl value="downloads.html"/><title value="Useful Downloads"/><generation value="html"/></page><page><nameUrl value="changes.html"/><title value="IG Change History"/><generation value="html"/></page><page><nameUrl value="artifacts.html"/><title value="Artifacts Summary"/><generation value="html"/><page><nameUrl value="Library-CDSConnectCommons.html"/><title value="CQL Library - Common Logic for CDS"/><generation value="generated"/></page><page><nameUrl value="Library-COVID19EDCPGRetrieves.html"/><title value="CQL Library - COVID-19 ED CPG Data Retrieval"/><generation value="generated"/></page><page><nameUrl value="Library-COVID19ConceptsPremapped.html"/><title value="CQL Library - COVID-19 Shared Concepts and Terminology"/><generation value="generated"/></page><page><nameUrl value="Library-PatientDemographics.html"/><title value="CQL Library - Patient Demographics"/><generation value="generated"/></page></page></page><parameter><code value="path-resource"/><value value="input/resources/library"/></parameter><parameter><code value="path-resource"/><value value="input/resources/plandefinition"/></parameter><parameter><code value="path-resource"/><value value="input/resources/activitydefinition"/></parameter><parameter><code value="path-resource"/><value value="input/vocabulary/codesystem"/></parameter><parameter><code value="path-resource"/><value value="input/vocabulary/valueset"/></parameter><parameter><code value="path-resource"/><value value="input/capabilities"/></parameter><parameter><code value="path-resource"/><value value="input/examples"/></parameter><parameter><code value="path-resource"/><value value="input/extensions"/></parameter><parameter><code value="path-resource"/><value value="input/models"/></parameter><parameter><code value="path-resource"/><value value="input/operations"/></parameter><parameter><code value="path-resource"/><value value="input/profiles"/></parameter><parameter><code value="path-resource"/><value value="input/resources"/></parameter><parameter><code value="path-resource"/><value value="input/vocabulary"/></parameter><parameter><code value="path-resource"/><value value="input/testing"/></parameter><parameter><code value="path-resource"/><value value="input/history"/></parameter><parameter><code value="path-resource"/><value value="fsh-generated/resources"/></parameter><parameter><code value="path-pages"/><value value="template/config"/></parameter><parameter><code value="path-pages"/><value value="input/images"/></parameter><parameter><code value="path-tx-cache"/><value value="input-cache/txcache"/></parameter></definition></ImplementationGuide>