{
   "library" : {
      "annotation" : [ {
         "translatorOptions" : "EnableLocators,DisableListDemotion,DisableListPromotion",
         "type" : "CqlToElmInfo"
      } ],
      "identifier" : {
         "id" : "PatientDemographics",
         "system" : "http://opencpg.org/fhir/covid19.ed.sc",
         "version" : "1.0.0"
      },
      "schemaIdentifier" : {
         "id" : "urn:hl7-org:elm",
         "version" : "r1"
      },
      "usings" : {
         "def" : [ {
            "localIdentifier" : "System",
            "uri" : "urn:hl7-org:elm-types:r1"
         }, {
            "locator" : "3:1-3:26",
            "localIdentifier" : "FHIR",
            "uri" : "http://hl7.org/fhir",
            "version" : "4.0.1"
         } ]
      },
      "includes" : {
         "def" : [ {
            "locator" : "5:1-5:54",
            "localIdentifier" : "FHIRHelpers",
            "path" : "http://opencpg.org/fhir/covid19.ed.sc/FHIRHelpers",
            "version" : "4.0.1"
         }, {
            "locator" : "6:1-6:67",
            "localIdentifier" : "C3F",
            "path" : "http://opencpg.org/fhir/covid19.ed.sc/CDS_Connect_Commons_for_FHIRv400",
            "version" : "1.0.2"
         } ]
      },
      "contexts" : {
         "def" : [ {
            "locator" : "8:1-8:15",
            "name" : "Patient"
         } ]
      },
      "statements" : {
         "def" : [ {
            "locator" : "8:1-8:15",
            "name" : "Patient",
            "context" : "Patient",
            "expression" : {
               "type" : "SingletonFrom",
               "operand" : {
                  "locator" : "8:1-8:15",
                  "dataType" : "{http://hl7.org/fhir}Patient",
                  "templateId" : "http://hl7.org/fhir/StructureDefinition/Patient",
                  "type" : "Retrieve"
               }
            }
         }, {
            "locator" : "15:1-16:15",
            "name" : "Age - Patient - Quantity Of",
            "context" : "Patient",
            "accessLevel" : "Public",
            "expression" : {
               "locator" : "16:4-16:15",
               "precision" : "Year",
               "type" : "CalculateAge",
               "operand" : {
                  "path" : "birthDate.value",
                  "type" : "Property",
                  "source" : {
                     "name" : "Patient",
                     "type" : "ExpressionRef"
                  }
               }
            }
         }, {
            "locator" : "19:1-20:16",
            "name" : "Gender - Patient - Kind Of",
            "context" : "Patient",
            "accessLevel" : "Public",
            "expression" : {
               "locator" : "20:3-20:16",
               "path" : "gender",
               "type" : "Property",
               "source" : {
                  "locator" : "20:3-20:9",
                  "name" : "Patient",
                  "type" : "ExpressionRef"
               }
            }
         }, {
            "locator" : "23:1-31:28",
            "name" : "Race - Patient - Kind Of",
            "context" : "Patient",
            "accessLevel" : "Public",
            "expression" : {
               "locator" : "24:3-31:28",
               "type" : "Query",
               "source" : [ {
                  "locator" : "24:3-28:6",
                  "alias" : "E",
                  "expression" : {
                     "locator" : "24:3-28:4",
                     "type" : "Flatten",
                     "operand" : {
                        "locator" : "24:12-28:3",
                        "type" : "Query",
                        "source" : [ {
                           "locator" : "25:5-25:31",
                           "alias" : "Extension",
                           "expression" : {
                              "locator" : "25:5-25:21",
                              "path" : "extension",
                              "type" : "Property",
                              "source" : {
                                 "name" : "Patient",
                                 "type" : "ExpressionRef"
                              }
                           }
                        } ],
                        "relationship" : [ ],
                        "where" : {
                           "locator" : "26:7-26:90",
                           "type" : "Equal",
                           "operand" : [ {
                              "name" : "ToString",
                              "libraryName" : "FHIRHelpers",
                              "type" : "FunctionRef",
                              "operand" : [ {
                                 "locator" : "26:13-26:25",
                                 "path" : "url",
                                 "scope" : "Extension",
                                 "type" : "Property"
                              } ]
                           }, {
                              "locator" : "26:29-26:90",
                              "valueType" : "{urn:hl7-org:elm-types:r1}String",
                              "value" : "http://hl7.org/fhir/us/core/StructureDefinition/us-core-race",
                              "type" : "Literal"
                           } ]
                        },
                        "return" : {
                           "locator" : "27:9-27:34",
                           "expression" : {
                              "locator" : "27:16-27:34",
                              "path" : "extension",
                              "scope" : "Extension",
                              "type" : "Property"
                           }
                        }
                     }
                  }
               } ],
               "relationship" : [ ],
               "where" : {
                  "locator" : "29:5-30:27",
                  "type" : "Or",
                  "operand" : [ {
                     "locator" : "29:11-29:31",
                     "type" : "Equal",
                     "operand" : [ {
                        "name" : "ToString",
                        "libraryName" : "FHIRHelpers",
                        "type" : "FunctionRef",
                        "operand" : [ {
                           "locator" : "29:11-29:15",
                           "path" : "url",
                           "scope" : "E",
                           "type" : "Property"
                        } ]
                     }, {
                        "locator" : "29:19-29:31",
                        "valueType" : "{urn:hl7-org:elm-types:r1}String",
                        "value" : "ombCategory",
                        "type" : "Literal"
                     } ]
                  }, {
                     "locator" : "30:10-30:27",
                     "type" : "Equal",
                     "operand" : [ {
                        "name" : "ToString",
                        "libraryName" : "FHIRHelpers",
                        "type" : "FunctionRef",
                        "operand" : [ {
                           "locator" : "30:10-30:14",
                           "path" : "url",
                           "scope" : "E",
                           "type" : "Property"
                        } ]
                     }, {
                        "locator" : "30:18-30:27",
                        "valueType" : "{urn:hl7-org:elm-types:r1}String",
                        "value" : "detailed",
                        "type" : "Literal"
                     } ]
                  } ]
               },
               "return" : {
                  "locator" : "31:5-31:28",
                  "expression" : {
                     "locator" : "31:12-31:28",
                     "strict" : false,
                     "type" : "As",
                     "operand" : {
                        "locator" : "31:12-31:18",
                        "path" : "value",
                        "scope" : "E",
                        "type" : "Property"
                     },
                     "asTypeSpecifier" : {
                        "locator" : "31:23-31:28",
                        "name" : "{http://hl7.org/fhir}Coding",
                        "type" : "NamedTypeSpecifier"
                     }
                  }
               }
            }
         }, {
            "locator" : "33:1-40:19",
            "name" : "Race - Patient - Text Of",
            "context" : "Patient",
            "accessLevel" : "Public",
            "expression" : {
               "locator" : "34:3-40:19",
               "type" : "First",
               "source" : {
                  "locator" : "34:9-40:18",
                  "type" : "Query",
                  "source" : [ {
                     "locator" : "34:9-38:6",
                     "alias" : "E",
                     "expression" : {
                        "locator" : "34:9-38:4",
                        "type" : "Flatten",
                        "operand" : {
                           "locator" : "34:18-38:3",
                           "type" : "Query",
                           "source" : [ {
                              "locator" : "35:5-35:31",
                              "alias" : "Extension",
                              "expression" : {
                                 "locator" : "35:5-35:21",
                                 "path" : "extension",
                                 "type" : "Property",
                                 "source" : {
                                    "name" : "Patient",
                                    "type" : "ExpressionRef"
                                 }
                              }
                           } ],
                           "relationship" : [ ],
                           "where" : {
                              "locator" : "36:7-36:90",
                              "type" : "Equal",
                              "operand" : [ {
                                 "name" : "ToString",
                                 "libraryName" : "FHIRHelpers",
                                 "type" : "FunctionRef",
                                 "operand" : [ {
                                    "locator" : "36:13-36:25",
                                    "path" : "url",
                                    "scope" : "Extension",
                                    "type" : "Property"
                                 } ]
                              }, {
                                 "locator" : "36:29-36:90",
                                 "valueType" : "{urn:hl7-org:elm-types:r1}String",
                                 "value" : "http://hl7.org/fhir/us/core/StructureDefinition/us-core-race",
                                 "type" : "Literal"
                              } ]
                           },
                           "return" : {
                              "locator" : "37:9-37:34",
                              "expression" : {
                                 "locator" : "37:16-37:34",
                                 "path" : "extension",
                                 "scope" : "Extension",
                                 "type" : "Property"
                              }
                           }
                        }
                     }
                  } ],
                  "relationship" : [ ],
                  "where" : {
                     "locator" : "39:5-39:24",
                     "type" : "Equal",
                     "operand" : [ {
                        "name" : "ToString",
                        "libraryName" : "FHIRHelpers",
                        "type" : "FunctionRef",
                        "operand" : [ {
                           "locator" : "39:11-39:15",
                           "path" : "url",
                           "scope" : "E",
                           "type" : "Property"
                        } ]
                     }, {
                        "locator" : "39:19-39:24",
                        "valueType" : "{urn:hl7-org:elm-types:r1}String",
                        "value" : "text",
                        "type" : "Literal"
                     } ]
                  },
                  "return" : {
                     "locator" : "40:5-40:18",
                     "expression" : {
                        "locator" : "40:12-40:18",
                        "path" : "value",
                        "scope" : "E",
                        "type" : "Property"
                     }
                  }
               }
            }
         } ]
      }
   }
}