{"resourceType":"ImplementationGuide","id":"org.opencpg.covid19.ed.sc","text":{"status":"extensions","div":"<div xmlns=\"http://www.w3.org/1999/xhtml\"><h2>OpenCPG_COVID19_ED_SC</h2><p>The official URL for this implementation guide is: </p><pre>http://opencpg.org/fhir/covid19.ed.sc/ImplementationGuide/org.opencpg.covid19.ed.sc</pre><div><p>Implementation guide for an Emergency Department COVID-19 Severity Classification and Disposition guideline defined by the American College of Emergency Physicians (ACEP)</p>\n</div></div>"},"url":"http://opencpg.org/fhir/covid19.ed.sc/ImplementationGuide/org.opencpg.covid19.ed.sc","version":"0.1.0","name":"OpenCPG_COVID19_ED_SC","title":"OpenCPG COVID-19 Emergency Department Severity Classification and Disposition Recommendation","status":"draft","experimental":false,"date":"2021-02-18T02:44:34+00:00","publisher":"OpenCPG","contact":[{"telecom":[{"system":"url","value":"http://hl7.org/Special/committees/[something]"}]}],"description":"Implementation guide for an Emergency Department COVID-19 Severity Classification and Disposition guideline defined by the American College of Emergency Physicians (ACEP)","jurisdiction":[{"coding":[{"system":"http://unstats.un.org/unsd/methods/m49/m49.htm","code":"001"}]}],"packageId":"org.opencpg.covid19.ed.sc","license":"CC0-1.0","fhirVersion":["4.0.1"],"dependsOn":[{"id":"cpg","uri":"http://hl7.org/fhir/uv/cpg/ImplementationGuide/hl7.fhir.uv.cpg","packageId":"hl7.fhir.uv.cpg","version":"current"}],"definition":{"extension":[{"extension":[{"url":"code","valueString":"copyrightyear"},{"url":"value","valueString":"2020+"}],"url":"http://hl7.org/fhir/tools/StructureDefinition/ig-parameter"},{"extension":[{"url":"code","valueString":"releaselabel"},{"url":"value","valueString":"CI Build"}],"url":"http://hl7.org/fhir/tools/StructureDefinition/ig-parameter"},{"extension":[{"url":"code","valueString":"path-binary"},{"url":"value","valueString":"input/cql"}],"url":"http://hl7.org/fhir/tools/StructureDefinition/ig-parameter"},{"extension":[{"url":"code","valueString":"excludettl"},{"url":"value","valueString":"true"}],"url":"http://hl7.org/fhir/tools/StructureDefinition/ig-parameter"},{"extension":[{"url":"code","valueString":"excludemap"},{"url":"value","valueString":"true"}],"url":"http://hl7.org/fhir/tools/StructureDefinition/ig-parameter"},{"extension":[{"url":"code","valueString":"path-suppressed-warnings"},{"url":"value","valueString":"input/ignoreWarnings.txt"}],"url":"http://hl7.org/fhir/tools/StructureDefinition/ig-parameter"},{"extension":[{"url":"code","valueString":"autoload-resources"},{"url":"value","valueString":"true"}],"url":"http://hl7.org/fhir/tools/StructureDefinition/ig-parameter"},{"extension":[{"url":"code","valueString":"path-liquid"},{"url":"value","valueString":"template/liquid"}],"url":"http://hl7.org/fhir/tools/StructureDefinition/ig-parameter"},{"extension":[{"url":"code","valueString":"path-liquid"},{"url":"value","valueString":"input/liquid"}],"url":"http://hl7.org/fhir/tools/StructureDefinition/ig-parameter"},{"extension":[{"url":"code","valueString":"path-qa"},{"url":"value","valueString":"temp/qa"}],"url":"http://hl7.org/fhir/tools/StructureDefinition/ig-parameter"},{"extension":[{"url":"code","valueString":"path-temp"},{"url":"value","valueString":"temp/pages"}],"url":"http://hl7.org/fhir/tools/StructureDefinition/ig-parameter"},{"extension":[{"url":"code","valueString":"path-output"},{"url":"value","valueString":"output"}],"url":"http://hl7.org/fhir/tools/StructureDefinition/ig-parameter"},{"extension":[{"url":"code","valueString":"path-history"},{"url":"value","valueString":"http://opencpg.org/fhir/covid19.ed.sc/history.html"}],"url":"http://hl7.org/fhir/tools/StructureDefinition/ig-parameter"},{"extension":[{"url":"code","valueString":"template-html"},{"url":"value","valueString":"template-page.html"}],"url":"http://hl7.org/fhir/tools/StructureDefinition/ig-parameter"},{"extension":[{"url":"code","valueString":"template-md"},{"url":"value","valueString":"template-page-md.html"}],"url":"http://hl7.org/fhir/tools/StructureDefinition/ig-parameter"},{"extension":[{"url":"code","valueString":"apply-contact"},{"url":"value","valueString":"true"}],"url":"http://hl7.org/fhir/tools/StructureDefinition/ig-parameter"},{"extension":[{"url":"code","valueString":"apply-context"},{"url":"value","valueString":"true"}],"url":"http://hl7.org/fhir/tools/StructureDefinition/ig-parameter"},{"extension":[{"url":"code","valueString":"apply-copyright"},{"url":"value","valueString":"true"}],"url":"http://hl7.org/fhir/tools/StructureDefinition/ig-parameter"},{"extension":[{"url":"code","valueString":"apply-jurisdiction"},{"url":"value","valueString":"true"}],"url":"http://hl7.org/fhir/tools/StructureDefinition/ig-parameter"},{"extension":[{"url":"code","valueString":"apply-license"},{"url":"value","valueString":"true"}],"url":"http://hl7.org/fhir/tools/StructureDefinition/ig-parameter"},{"extension":[{"url":"code","valueString":"apply-publisher"},{"url":"value","valueString":"true"}],"url":"http://hl7.org/fhir/tools/StructureDefinition/ig-parameter"},{"extension":[{"url":"code","valueString":"apply-version"},{"url":"value","valueString":"true"}],"url":"http://hl7.org/fhir/tools/StructureDefinition/ig-parameter"},{"extension":[{"url":"code","valueString":"active-tables"},{"url":"value","valueString":"true"}],"url":"http://hl7.org/fhir/tools/StructureDefinition/ig-parameter"}],"grouping":[{"id":"_other","name":"Other","description":"These are resources that are used within this implementation guide that do not fit into one of the other categories"}],"resource":[{"extension":[{"url":"http://hl7.org/fhir/StructureDefinition/implementationguide-page","valueUri":"Library-CDSConnectCommons.html"}],"reference":{"reference":"Library/CDSConnectCommons"},"name":"CQL Library - Common Logic for CDS","description":"CQL Common Logic for CDS providing shared helper functions.","groupingId":"_other"},{"extension":[{"url":"http://hl7.org/fhir/StructureDefinition/implementationguide-page","valueUri":"Library-COVID19EDCPGRetrieves.html"}],"reference":{"reference":"Library/COVID19EDCPGRetrieves"},"name":"CQL Library - COVID-19 ED CPG Data Retrieval","description":"COVID-19 ED CPG Data Retrieval.","groupingId":"_other"},{"extension":[{"url":"http://hl7.org/fhir/StructureDefinition/implementationguide-page","valueUri":"Library-COVID19ConceptsPremapped.html"}],"reference":{"reference":"Library/COVID19ConceptsPremapped"},"name":"CQL Library - COVID-19 Shared Concepts and Terminology","description":"COVID-19 Shared Concepts and Terminology imported by other CQL logic libraries.","groupingId":"_other"},{"extension":[{"url":"http://hl7.org/fhir/StructureDefinition/implementationguide-page","valueUri":"Library-PatientDemographics.html"}],"reference":{"reference":"Library/PatientDemographics"},"name":"CQL Library - Patient Demographics","description":"Common logic for patient demographics.","groupingId":"_other"}],"page":{"nameUrl":"toc.html","title":"Table of Contents","generation":"html","page":[{"nameUrl":"index.html","title":"COVID-19 ED Severity Classification","generation":"html"},{"nameUrl":"background.html","title":"Background","generation":"html"},{"nameUrl":"spec.html","title":"Detailed Specification","generation":"markdown"},{"nameUrl":"downloads.html","title":"Useful Downloads","generation":"html"},{"nameUrl":"changes.html","title":"IG Change History","generation":"html"},{"nameUrl":"artifacts.html","title":"Artifacts Summary","generation":"html","page":[{"nameUrl":"Library-CDSConnectCommons.html","title":"CQL Library - Common Logic for CDS","generation":"generated"},{"nameUrl":"Library-COVID19EDCPGRetrieves.html","title":"CQL Library - COVID-19 ED CPG Data Retrieval","generation":"generated"},{"nameUrl":"Library-COVID19ConceptsPremapped.html","title":"CQL Library - COVID-19 Shared Concepts and Terminology","generation":"generated"},{"nameUrl":"Library-PatientDemographics.html","title":"CQL Library - Patient Demographics","generation":"generated"}]}]},"parameter":[{"code":"path-resource","value":"input/resources/library"},{"code":"path-resource","value":"input/resources/plandefinition"},{"code":"path-resource","value":"input/resources/activitydefinition"},{"code":"path-resource","value":"input/vocabulary/codesystem"},{"code":"path-resource","value":"input/vocabulary/valueset"},{"code":"path-resource","value":"input/capabilities"},{"code":"path-resource","value":"input/examples"},{"code":"path-resource","value":"input/extensions"},{"code":"path-resource","value":"input/models"},{"code":"path-resource","value":"input/operations"},{"code":"path-resource","value":"input/profiles"},{"code":"path-resource","value":"input/resources"},{"code":"path-resource","value":"input/vocabulary"},{"code":"path-resource","value":"input/testing"},{"code":"path-resource","value":"input/history"},{"code":"path-resource","value":"fsh-generated/resources"},{"code":"path-pages","value":"template/config"},{"code":"path-pages","value":"input/images"},{"code":"path-tx-cache","value":"input-cache/txcache"}]}}